COUNTYNAME,COUNTYID,COUNTYCODE,school_count,coverage_status,county_area_km2_geom,county_area_km2_raster_mask,overlay_area_km2_total_class1_5,overlay_area_ratio_in_county,high_priority_area_km2_class4_5,high_priority_ratio_in_overlay,class0_area_km2,class1_area_km2,class2_area_km2,class3_area_km2,class4_area_km2,class5_area_km2,tif_path,png_path
臺北市,A,63000,359,ok,269.84777252378063,193.34,193.34,0.7164780283037604,68.62,0.35491879590358955,0.0,0.0,71.24,53.480000000000004,57.83,10.790000000000001,county_final/rasters/臺北市_school_heat_priority_5class_within1000m.tif,county_final/png/臺北市_school_heat_priority_5class_within1000m.png
嘉義市,I,10020,49,ok,59.72155146256911,44.1,44.1,0.7384268981632196,10.84,0.24580498866213152,0.0,0.0,21.86,11.4,9.26,1.58,county_final/rasters/嘉義市_school_heat_priority_5class_within1000m.tif,county_final/png/嘉義市_school_heat_priority_5class_within1000m.png
基隆市,C,10017,72,ok,137.5702673707708,73.29,73.29,0.5327459297761875,15.78,0.21530904625460498,0.0,0.0,39.480000000000004,18.03,13.6,2.18,county_final/rasters/基隆市_school_heat_priority_5class_within1000m.tif,county_final/png/基隆市_school_heat_priority_5class_within1000m.png
新竹市,O,10018,72,ok,124.43876140114183,79.17,79.17,0.6362165543000459,16.04,0.20260199570544396,0.0,0.0,44.32,18.81,14.01,2.0300000000000002,county_final/rasters/新竹市_school_heat_priority_5class_within1000m.tif,county_final/png/新竹市_school_heat_priority_5class_within1000m.png
新北市,F,65000,393,ok,2066.2625748141118,514.0,514.0,0.24875831671405133,86.53,0.16834630350194552,0.0,1.7,314.37,111.4,76.48,10.05,county_final/rasters/新北市_school_heat_priority_5class_within1000m.tif,county_final/png/新北市_school_heat_priority_5class_within1000m.png
臺中市,B,66000,418,ok,2239.684439573994,591.67,591.67,0.2641756086462521,96.95,0.16385823178460968,0.0,16.53,347.47,130.72,86.46000000000001,10.49,county_final/rasters/臺中市_school_heat_priority_5class_within1000m.tif,county_final/png/臺中市_school_heat_priority_5class_within1000m.png
桃園市,H,68000,308,ok,1217.2210398474836,496.42,496.42,0.40783061066887316,74.21,0.14949035091253374,0.0,13.21,308.67,100.33,66.24,7.97,county_final/rasters/桃園市_school_heat_priority_5class_within1000m.tif,county_final/png/桃園市_school_heat_priority_5class_within1000m.png
高雄市,E,64000,420,ok,2998.4883053316876,609.04,609.04,0.20311568296499627,89.78,0.14741232102981744,0.0,44.17,354.08,121.01,80.73,9.05,county_final/rasters/高雄市_school_heat_priority_5class_within1000m.tif,county_final/png/高雄市_school_heat_priority_5class_within1000m.png
臺南市,D,67000,371,ok,2258.786646473204,672.16,672.16,0.2975756922635826,88.62,0.13184360866460368,0.0,3.77,448.81,130.96,78.92,9.700000000000001,county_final/rasters/臺南市_school_heat_priority_5class_within1000m.tif,county_final/png/臺南市_school_heat_priority_5class_within1000m.png
彰化縣,N,10007,249,ok,1244.545704357776,512.5,512.5,0.4117968494089703,64.60000000000001,0.1260487804878049,0.0,0.0,349.53000000000003,98.37,57.27,7.33,county_final/rasters/彰化縣_school_heat_priority_5class_within1000m.tif,county_final/png/彰化縣_school_heat_priority_5class_within1000m.png
新竹縣,J,10004,149,ok,1411.5208351350345,280.13,280.13,0.19845969894819235,33.269999999999996,0.1187662870809981,0.0,18.43,179.35,49.08,29.93,3.34,county_final/rasters/新竹縣_school_heat_priority_5class_within1000m.tif,county_final/png/新竹縣_school_heat_priority_5class_within1000m.png
宜蘭縣,G,10002,133,ok,2201.4504087243513,258.11,258.11,0.11724543009331925,29.07,0.112626399597071,0.0,10.35,173.14000000000001,45.550000000000004,26.62,2.45,county_final/rasters/宜蘭縣_school_heat_priority_5class_within1000m.tif,county_final/png/宜蘭縣_school_heat_priority_5class_within1000m.png
雲林縣,P,10009,233,ok,1399.5681864432677,518.46,518.46,0.3704428301686151,55.14,0.10635343131581992,0.0,4.26,368.14,90.92,52.13,3.0100000000000002,county_final/rasters/雲林縣_school_heat_priority_5class_within1000m.tif,county_final/png/雲林縣_school_heat_priority_5class_within1000m.png
屏東縣,T,10013,248,ok,2805.0367554745744,529.8,529.8,0.1888745304196076,48.82,0.09214798036995094,0.0,34.56,362.36,84.06,46.1,2.72,county_final/rasters/屏東縣_school_heat_priority_5class_within1000m.tif,county_final/png/屏東縣_school_heat_priority_5class_within1000m.png
嘉義縣,Q,10010,172,ok,1952.750456219499,426.99,426.99,0.2186608118001147,32.18,0.07536476264081125,0.0,43.800000000000004,290.90000000000003,60.11,30.95,1.23,county_final/rasters/嘉義縣_school_heat_priority_5class_within1000m.tif,county_final/png/嘉義縣_school_heat_priority_5class_within1000m.png
臺東縣,V,10014,144,ok,3582.21091690537,284.94,284.94,0.07954305500418617,20.27,0.07113778339299502,0.0,37.27,189.47,37.93,18.96,1.31,county_final/rasters/臺東縣_school_heat_priority_5class_within1000m.tif,county_final/png/臺東縣_school_heat_priority_5class_within1000m.png
苗栗縣,K,10005,179,ok,1826.7514530792116,367.06,367.06,0.20093592884859937,24.8,0.06756388601318586,0.0,51.97,241.44,48.85,23.650000000000002,1.1500000000000001,county_final/rasters/苗栗縣_school_heat_priority_5class_within1000m.tif,county_final/png/苗栗縣_school_heat_priority_5class_within1000m.png
花蓮縣,U,10015,153,ok,4605.284306394628,304.90000000000003,304.90000000000003,0.06620655310609895,17.77,0.05828140373893079,0.0,64.39,187.57,35.17,16.28,1.49,county_final/rasters/花蓮縣_school_heat_priority_5class_within1000m.tif,county_final/png/花蓮縣_school_heat_priority_5class_within1000m.png
南投縣,M,10008,207,ok,4097.729913764787,433.82,433.82,0.1058683732528941,19.35,0.04460375270849661,0.0,87.64,277.86,48.97,18.02,1.33,county_final/rasters/南投縣_school_heat_priority_5class_within1000m.tif,county_final/png/南投縣_school_heat_priority_5class_within1000m.png
連江縣,Z,09007,2,outside_raster,29.735032323048667,0.0,0.0,,0.0,,,,,,,,,
金門縣,W,09020,0,ok,185.0311079967785,0.0,0.0,0.0,0.0,,0.0,0.0,0.0,0.0,0.0,0.0,county_final/rasters/金門縣_school_heat_priority_5class_within1000m.tif,county_final/png/金門縣_school_heat_priority_5class_within1000m.png
澎湖縣,X,10016,0,ok,135.22387062731275,0.0,0.0,0.0,0.0,,0.0,0.0,0.0,0.0,0.0,0.0,county_final/rasters/澎湖縣_school_heat_priority_5class_within1000m.tif,county_final/png/澎湖縣_school_heat_priority_5class_within1000m.png
